﻿<?xml version="1.0" encoding="utf-8"?>
<configuration>
	<location path="." inheritInChildApplications="false">
		<system.webServer>
			<handlers>
				<add name="aspNetCore" path="*" verb="*" modules="AspNetCoreModuleV2" resourceType="Unspecified" />
			</handlers>
			<httpProtocol>
				<customHeaders>
					<remove name="X-Powered-By" />
					<add name="X-Frame-Options" value="SAMEORIGIN" />
					<add name="X-XSS-Protection" value="1; mode=block" />
					<add name="X-Content-Type-Options" value="nosniff" />
				</customHeaders>
			</httpProtocol>
			<security>
				<requestFiltering>
					<verbs allowUnlisted="false">
						<add verb="GET" allowed="true" />
						<add verb="POST" allowed="true" />
					</verbs>
				</requestFiltering>
			</security>
			<aspNetCore processPath="dotnet" arguments=".\RCDService.dll" stdoutLogEnabled="false" stdoutLogFile="\\?\%home%\LogFiles\stdout" />
		</system.webServer>
	</location>
</configuration>