﻿<?xml version="1.0" encoding="utf-8"?>
<configuration>
	<location path="." inheritInChildApplications="false">
		<system.webServer>
			<handlers>
				<add name="aspNetCore" path="*" verb="*" modules="AspNetCoreModuleV2" resourceType="Unspecified" />
			</handlers>
			<httpProtocol>
				<customHeaders>
					<remove name="X-Powered-By" />
					<remove name="Server" />
					<add name="X-Frame-Options" value="DENY" />
					<add name="X-XSS-Protection" value="1; mode=block" />
					<add name="X-Content-Type-Options" value="nosniff" />
					<add name="Referrer-Policy" value="same-origin" />
					<add name="X-Permitted-Cross-Domain-Policies" value="none" />
					<add name="Permissions-Policy" value="geolocation=()" />				

				</customHeaders>
			</httpProtocol>
			<security>
				<requestFiltering removeServerHeader="true">
					<verbs allowUnlisted="false">
						<add verb="GET" allowed="true" />
						<add verb="POST" allowed="true" />
					
					</verbs>
				</requestFiltering>
			</security>
			<aspNetCore processPath="dotnet" arguments=".\RCD.dll" stdoutLogEnabled="false" stdoutLogFile="\\?\%home%\LogFiles\stdout" />
		</system.webServer>
	</location>
</configuration>
